Timestamp,IP,Method,ThreatType,Action
2025-10-14T00:37:40.041Z,156.203.141.197,GET,normal visit,auto,block
2025-10-14T00:37:40.041Z,156.203.141.197,GET,normal visit,auto,block
2025-10-14T00:41:22.742Z,156.203.141.197,GET,normal visit,auto,block
2025-10-14T00:41:22.742Z,156.203.141.197,GET,normal visit,auto,block
2025-10-14T01:21:26.524Z,156.203.141.197,GET,normal visit,auto,block
2025-10-14T01:21:26.524Z,156.203.141.197,GET,normal visit,auto,block
2025-10-14T01:30:53.377Z,156.203.141.197,GET,normal visit,auto,block
2025-10-14T01:30:53.377Z,156.203.141.197,GET,normal visit,auto,block
2025-10-14T01:46:54.016Z,156.203.141.197,GET,normal visit,auto,block
2025-10-14T01:46:54.016Z,156.203.141.197,GET,normal visit,auto,block
2025-10-16T01:02:05.617Z,156.203.250.156,GET,normal visit,auto,block
2025-10-16T01:12:05.656Z,156.203.250.156,GET,normal visit,auto,block
2025-10-16T01:29:05.626Z,156.203.250.156,GET,normal visit,auto,block
2025-10-16T01:45:09.299Z,156.203.250.156,GET,normal visit,auto,block
2025-10-16T01:47:53.119Z,156.203.250.156,GET,normal visit,auto,block
2025-10-16T01:51:05.679Z,156.203.250.156,GET,normal visit,auto,block
2025-10-16T01:53:20.840Z,156.203.250.156,GET,normal visit,auto,block
